{"cameraMode":{"drawMode":0,"name":"Shaded","section":"Shading Mode"},"sceneLighting":true,"audioPlay":false,"sceneViewState":{"showFog":true,"showMaterialUpdate":false,"showSkybox":true,"showFlares":true,"showImageEffects":true,"showParticleSystems":true},"in2DMode":false,"pivot":{"x":0.45532846450805666,"y":0.7533873319625855,"z":-0.6507916450500488},"rotation":{"x":0.011951930820941925,"y":0.9864108562469482,"z":-0.14091698825359345,"w":0.08366134017705918},"size":3.1908910274505617,"orthographic":false}